epoch,loss
1,1317776132.040202
2,2042.4652913411458
